{
  "0": 0.9963969421386719,
  "1": 0.8462054443359375,
  "2": 0.9904661560058594,
  "3": 0.964378890991211,
  "4": 0.9928227996826172,
  "5": 0.9656230926513671,
  "6": 0.9909007263183593,
  "7": 0.949112548828125,
  "8": 0.9882808685302734,
  "9": 0.9801936340332031,
  "10": 0.8781171417236329,
  "11": 0.8747437286376953,
  "12": 0.9388211059570313,
  "13": 0.8452859497070313,
  "14": 0.9729367828369141,
  "15": 0.9012759399414062,
  "16": 0.8416790008544922,
  "17": 0.8370777893066407,
  "18": 0.4671755599975586,
  "19": 0.7538519287109375,
  "20": 0.8247920227050781,
  "21": 0.9830319976806641,
  "22": 0.9971802520751953,
  "23": 0.8570462036132812,
  "24": 0.8181549072265625,
  "25": 0.8700646209716797,
  "26": 0.9159650421142578,
  "27": 0.9775386810302734,
  "28": 0.8439102172851562,
  "29": 0.941572036743164,
  "30": 0.965306396484375,
  "31": 0.9274234771728516,
  "32": 0.9168564605712891,
  "33": 0.8433599090576172
}